"Kind","Agent_Id","Queue_Id","Stream_Id","Thread_Id","Dispatch_Id","Kernel_Id","Kernel_Name","Correlation_Id","Start_Timestamp","End_Timestamp","LDS_Block_Size","Scratch_Size","VGPR_Count","Accum_VGPR_Count","SGPR_Count","Workgroup_Size_X","Workgroup_Size_Y","Workgroup_Size_Z","Grid_Size_X","Grid_Size_Y","Grid_Size_Z"
"KERNEL_DISPATCH","Agent 1",1,0,899671,1,69,"void at::native::vectorized_elementwise_kernel<4, at::native::AUnaryFunctor<float, float, float, at::native::binary_internal::MulFunctor<float> >, std::array<char*, 2ul> >(int, at::native::AUnaryFunctor<float, float, float, at::native::binary_internal::MulFunctor<float> >, std::array<char*, 2ul>)",37,6093504096961577,6093504097595834,0,0,16,0,128,256,1,1,4194304,1,1
"KERNEL_DISPATCH","Agent 1",1,0,899671,2,234,"void at::native::vectorized_elementwise_kernel<4, at::native::sin_kernel_cuda(at::TensorIteratorBase&)::{lambda()#2}::operator()() const::{lambda()#2}::operator()() const::{lambda(float)#1}, std::array<char*, 2ul> >(int, at::native::sin_kernel_cuda(at::TensorIteratorBase&)::{lambda()#2}::operator()() const::{lambda()#2}::operator()() const::{lambda(float)#1}, std::array<char*, 2ul>)",50,6093504102959330,6093504103586183,0,0,32,0,128,256,1,1,4194304,1,1
"KERNEL_DISPATCH","Agent 1",1,0,899671,3,520,"void at::native::vectorized_elementwise_kernel<4, at::native::CUDAFunctorOnSelf_add<float>, std::array<char*, 2ul> >(int, at::native::CUDAFunctorOnSelf_add<float>, std::array<char*, 2ul>)",59,6093504126699574,6093504127300891,0,0,16,0,128,256,1,1,4194304,1,1
"KERNEL_DISPATCH","Agent 1",1,0,899671,4,624,"void at::native::vectorized_elementwise_kernel<4, at::native::tanh_kernel_cuda(at::TensorIteratorBase&)::{lambda()#2}::operator()() const::{lambda()#2}::operator()() const::{lambda(float)#1}, std::array<char*, 2ul> >(int, at::native::tanh_kernel_cuda(at::TensorIteratorBase&)::{lambda()#2}::operator()() const::{lambda()#2}::operator()() const::{lambda(float)#1}, std::array<char*, 2ul>)",68,6093504129443863,6093504130028709,0,0,16,0,128,256,1,1,4194304,1,1
"KERNEL_DISPATCH","Agent 1",1,0,899671,5,178,"void at::native::vectorized_elementwise_kernel<4, at::native::BinaryFunctor<float, float, float, at::native::binary_internal::MulFunctor<float> >, std::array<char*, 3ul> >(int, at::native::BinaryFunctor<float, float, float, at::native::binary_internal::MulFunctor<float> >, std::array<char*, 3ul>)",77,6093504130031915,6093504130631269,0,0,16,0,128,256,1,1,4194304,1,1
"KERNEL_DISPATCH","Agent 1",1,0,899671,6,520,"void at::native::vectorized_elementwise_kernel<4, at::native::CUDAFunctorOnSelf_add<float>, std::array<char*, 2ul> >(int, at::native::CUDAFunctorOnSelf_add<float>, std::array<char*, 2ul>)",86,6093504130634114,6093504131263444,0,0,16,0,128,256,1,1,4194304,1,1
"KERNEL_DISPATCH","Agent 1",1,0,899671,7,913,"void at::native::vectorized_elementwise_kernel<4, at::native::sqrt_kernel_cuda(at::TensorIteratorBase&)::{lambda()#2}::operator()() const::{lambda()#2}::operator()() const::{lambda(float)#1}, std::array<char*, 2ul> >(int, at::native::sqrt_kernel_cuda(at::TensorIteratorBase&)::{lambda()#2}::operator()() const::{lambda()#2}::operator()() const::{lambda(float)#1}, std::array<char*, 2ul>)",99,6093504169593586,6093504170211652,0,0,32,0,128,256,1,1,4194304,1,1
"KERNEL_DISPATCH","Agent 1",1,0,899671,8,520,"void at::native::vectorized_elementwise_kernel<4, at::native::CUDAFunctorOnSelf_add<float>, std::array<char*, 2ul> >(int, at::native::CUDAFunctorOnSelf_add<float>, std::array<char*, 2ul>)",108,6093504170221349,6093504170821222,0,0,16,0,128,256,1,1,4194304,1,1
"KERNEL_DISPATCH","Agent 1",1,0,899671,9,1171,"void at::native::vectorized_elementwise_kernel<4, at::native::(anonymous namespace)::launch_clamp_scalar(at::TensorIteratorBase&, c10::Scalar, c10::Scalar, at::native::detail::ClampLimits)::{lambda()#1}::operator()() const::{lambda()#7}::operator()() const::{lambda(float)#1}, std::array<char*, 2ul> >(int, at::native::(anonymous namespace)::launch_clamp_scalar(at::TensorIteratorBase&, c10::Scalar, c10::Scalar, at::native::detail::ClampLimits)::{lambda()#1}::operator()() const::{lambda()#7}::operator()() const::{lambda(float)#1}, std::array<char*, 2ul>)",118,6093504202060007,6093504202657956,0,0,16,0,128,256,1,1,4194304,1,1
"KERNEL_DISPATCH","Agent 1",1,0,899671,10,69,"void at::native::vectorized_elementwise_kernel<4, at::native::AUnaryFunctor<float, float, float, at::native::binary_internal::MulFunctor<float> >, std::array<char*, 2ul> >(int, at::native::AUnaryFunctor<float, float, float, at::native::binary_internal::MulFunctor<float> >, std::array<char*, 2ul>)",148,6093504212448039,6093504213038253,0,0,16,0,128,256,1,1,4194304,1,1
"KERNEL_DISPATCH","Agent 1",1,0,899671,11,234,"void at::native::vectorized_elementwise_kernel<4, at::native::sin_kernel_cuda(at::TensorIteratorBase&)::{lambda()#2}::operator()() const::{lambda()#2}::operator()() const::{lambda(float)#1}, std::array<char*, 2ul> >(int, at::native::sin_kernel_cuda(at::TensorIteratorBase&)::{lambda()#2}::operator()() const::{lambda()#2}::operator()() const::{lambda(float)#1}, std::array<char*, 2ul>)",157,6093504213041900,6093504213626624,0,0,32,0,128,256,1,1,4194304,1,1
"KERNEL_DISPATCH","Agent 1",1,0,899671,12,520,"void at::native::vectorized_elementwise_kernel<4, at::native::CUDAFunctorOnSelf_add<float>, std::array<char*, 2ul> >(int, at::native::CUDAFunctorOnSelf_add<float>, std::array<char*, 2ul>)",166,6093504213629590,6093504214212551,0,0,16,0,128,256,1,1,4194304,1,1
"KERNEL_DISPATCH","Agent 1",1,0,899671,13,624,"void at::native::vectorized_elementwise_kernel<4, at::native::tanh_kernel_cuda(at::TensorIteratorBase&)::{lambda()#2}::operator()() const::{lambda()#2}::operator()() const::{lambda(float)#1}, std::array<char*, 2ul> >(int, at::native::tanh_kernel_cuda(at::TensorIteratorBase&)::{lambda()#2}::operator()() const::{lambda()#2}::operator()() const::{lambda(float)#1}, std::array<char*, 2ul>)",175,6093504214215757,6093504214806612,0,0,16,0,128,256,1,1,4194304,1,1
"KERNEL_DISPATCH","Agent 1",1,0,899671,14,178,"void at::native::vectorized_elementwise_kernel<4, at::native::BinaryFunctor<float, float, float, at::native::binary_internal::MulFunctor<float> >, std::array<char*, 3ul> >(int, at::native::BinaryFunctor<float, float, float, at::native::binary_internal::MulFunctor<float> >, std::array<char*, 3ul>)",184,6093504214808936,6093504215396987,0,0,16,0,128,256,1,1,4194304,1,1
"KERNEL_DISPATCH","Agent 1",1,0,899671,15,520,"void at::native::vectorized_elementwise_kernel<4, at::native::CUDAFunctorOnSelf_add<float>, std::array<char*, 2ul> >(int, at::native::CUDAFunctorOnSelf_add<float>, std::array<char*, 2ul>)",193,6093504215399391,6093504216001988,0,0,16,0,128,256,1,1,4194304,1,1
"KERNEL_DISPATCH","Agent 1",1,0,899671,16,913,"void at::native::vectorized_elementwise_kernel<4, at::native::sqrt_kernel_cuda(at::TensorIteratorBase&)::{lambda()#2}::operator()() const::{lambda()#2}::operator()() const::{lambda(float)#1}, std::array<char*, 2ul> >(int, at::native::sqrt_kernel_cuda(at::TensorIteratorBase&)::{lambda()#2}::operator()() const::{lambda()#2}::operator()() const::{lambda(float)#1}, std::array<char*, 2ul>)",206,6093504217807786,6093504218466528,0,0,32,0,128,256,1,1,4194304,1,1
"KERNEL_DISPATCH","Agent 1",1,0,899671,17,520,"void at::native::vectorized_elementwise_kernel<4, at::native::CUDAFunctorOnSelf_add<float>, std::array<char*, 2ul> >(int, at::native::CUDAFunctorOnSelf_add<float>, std::array<char*, 2ul>)",215,6093504218475625,6093504219071530,0,0,16,0,128,256,1,1,4194304,1,1
"KERNEL_DISPATCH","Agent 1",1,0,899671,18,1171,"void at::native::vectorized_elementwise_kernel<4, at::native::(anonymous namespace)::launch_clamp_scalar(at::TensorIteratorBase&, c10::Scalar, c10::Scalar, at::native::detail::ClampLimits)::{lambda()#1}::operator()() const::{lambda()#7}::operator()() const::{lambda(float)#1}, std::array<char*, 2ul> >(int, at::native::(anonymous namespace)::launch_clamp_scalar(at::TensorIteratorBase&, c10::Scalar, c10::Scalar, at::native::detail::ClampLimits)::{lambda()#1}::operator()() const::{lambda()#7}::operator()() const::{lambda(float)#1}, std::array<char*, 2ul>)",225,6093504219079344,6093504219663146,0,0,16,0,128,256,1,1,4194304,1,1
"KERNEL_DISPATCH","Agent 1",1,0,899671,19,69,"void at::native::vectorized_elementwise_kernel<4, at::native::AUnaryFunctor<float, float, float, at::native::binary_internal::MulFunctor<float> >, std::array<char*, 2ul> >(int, at::native::AUnaryFunctor<float, float, float, at::native::binary_internal::MulFunctor<float> >, std::array<char*, 2ul>)",255,6093504228988426,6093504229576517,0,0,16,0,128,256,1,1,4194304,1,1
"KERNEL_DISPATCH","Agent 1",1,0,899671,20,234,"void at::native::vectorized_elementwise_kernel<4, at::native::sin_kernel_cuda(at::TensorIteratorBase&)::{lambda()#2}::operator()() const::{lambda()#2}::operator()() const::{lambda(float)#1}, std::array<char*, 2ul> >(int, at::native::sin_kernel_cuda(at::TensorIteratorBase&)::{lambda()#2}::operator()() const::{lambda()#2}::operator()() const::{lambda(float)#1}, std::array<char*, 2ul>)",264,6093504229579703,6093504230158135,0,0,32,0,128,256,1,1,4194304,1,1
"KERNEL_DISPATCH","Agent 1",1,0,899671,21,520,"void at::native::vectorized_elementwise_kernel<4, at::native::CUDAFunctorOnSelf_add<float>, std::array<char*, 2ul> >(int, at::native::CUDAFunctorOnSelf_add<float>, std::array<char*, 2ul>)",273,6093504230160950,6093504230743390,0,0,16,0,128,256,1,1,4194304,1,1
"KERNEL_DISPATCH","Agent 1",1,0,899671,22,624,"void at::native::vectorized_elementwise_kernel<4, at::native::tanh_kernel_cuda(at::TensorIteratorBase&)::{lambda()#2}::operator()() const::{lambda()#2}::operator()() const::{lambda(float)#1}, std::array<char*, 2ul> >(int, at::native::tanh_kernel_cuda(at::TensorIteratorBase&)::{lambda()#2}::operator()() const::{lambda()#2}::operator()() const::{lambda(float)#1}, std::array<char*, 2ul>)",282,6093504230746646,6093504231329367,0,0,16,0,128,256,1,1,4194304,1,1
"KERNEL_DISPATCH","Agent 1",1,0,899671,23,178,"void at::native::vectorized_elementwise_kernel<4, at::native::BinaryFunctor<float, float, float, at::native::binary_internal::MulFunctor<float> >, std::array<char*, 3ul> >(int, at::native::BinaryFunctor<float, float, float, at::native::binary_internal::MulFunctor<float> >, std::array<char*, 3ul>)",291,6093504231331731,6093504231914932,0,0,16,0,128,256,1,1,4194304,1,1
"KERNEL_DISPATCH","Agent 1",1,0,899671,24,520,"void at::native::vectorized_elementwise_kernel<4, at::native::CUDAFunctorOnSelf_add<float>, std::array<char*, 2ul> >(int, at::native::CUDAFunctorOnSelf_add<float>, std::array<char*, 2ul>)",300,6093504231917577,6093504232499176,0,0,16,0,128,256,1,1,4194304,1,1
"KERNEL_DISPATCH","Agent 1",1,0,899671,25,913,"void at::native::vectorized_elementwise_kernel<4, at::native::sqrt_kernel_cuda(at::TensorIteratorBase&)::{lambda()#2}::operator()() const::{lambda()#2}::operator()() const::{lambda(float)#1}, std::array<char*, 2ul> >(int, at::native::sqrt_kernel_cuda(at::TensorIteratorBase&)::{lambda()#2}::operator()() const::{lambda()#2}::operator()() const::{lambda(float)#1}, std::array<char*, 2ul>)",309,6093504232502221,6093504233085543,0,0,32,0,128,256,1,1,4194304,1,1
"KERNEL_DISPATCH","Agent 1",1,0,899671,26,520,"void at::native::vectorized_elementwise_kernel<4, at::native::CUDAFunctorOnSelf_add<float>, std::array<char*, 2ul> >(int, at::native::CUDAFunctorOnSelf_add<float>, std::array<char*, 2ul>)",318,6093504233087827,6093504233664256,0,0,16,0,128,256,1,1,4194304,1,1
"KERNEL_DISPATCH","Agent 1",1,0,899671,27,1171,"void at::native::vectorized_elementwise_kernel<4, at::native::(anonymous namespace)::launch_clamp_scalar(at::TensorIteratorBase&, c10::Scalar, c10::Scalar, at::native::detail::ClampLimits)::{lambda()#1}::operator()() const::{lambda()#7}::operator()() const::{lambda(float)#1}, std::array<char*, 2ul> >(int, at::native::(anonymous namespace)::launch_clamp_scalar(at::TensorIteratorBase&, c10::Scalar, c10::Scalar, at::native::detail::ClampLimits)::{lambda()#1}::operator()() const::{lambda()#7}::operator()() const::{lambda(float)#1}, std::array<char*, 2ul>)",328,6093504233667261,6093504234249461,0,0,16,0,128,256,1,1,4194304,1,1
"KERNEL_DISPATCH","Agent 1",1,0,899671,28,69,"void at::native::vectorized_elementwise_kernel<4, at::native::AUnaryFunctor<float, float, float, at::native::binary_internal::MulFunctor<float> >, std::array<char*, 2ul> >(int, at::native::AUnaryFunctor<float, float, float, at::native::binary_internal::MulFunctor<float> >, std::array<char*, 2ul>)",358,6093504242976762,6093504243568820,0,0,16,0,128,256,1,1,4194304,1,1
"KERNEL_DISPATCH","Agent 1",1,0,899671,29,234,"void at::native::vectorized_elementwise_kernel<4, at::native::sin_kernel_cuda(at::TensorIteratorBase&)::{lambda()#2}::operator()() const::{lambda()#2}::operator()() const::{lambda(float)#1}, std::array<char*, 2ul> >(int, at::native::sin_kernel_cuda(at::TensorIteratorBase&)::{lambda()#2}::operator()() const::{lambda()#2}::operator()() const::{lambda(float)#1}, std::array<char*, 2ul>)",367,6093504243572106,6093504244154265,0,0,32,0,128,256,1,1,4194304,1,1
"KERNEL_DISPATCH","Agent 1",1,0,899671,30,520,"void at::native::vectorized_elementwise_kernel<4, at::native::CUDAFunctorOnSelf_add<float>, std::array<char*, 2ul> >(int, at::native::CUDAFunctorOnSelf_add<float>, std::array<char*, 2ul>)",376,6093504244157431,6093504244736785,0,0,16,0,128,256,1,1,4194304,1,1
"KERNEL_DISPATCH","Agent 1",1,0,899671,31,624,"void at::native::vectorized_elementwise_kernel<4, at::native::tanh_kernel_cuda(at::TensorIteratorBase&)::{lambda()#2}::operator()() const::{lambda()#2}::operator()() const::{lambda(float)#1}, std::array<char*, 2ul> >(int, at::native::tanh_kernel_cuda(at::TensorIteratorBase&)::{lambda()#2}::operator()() const::{lambda()#2}::operator()() const::{lambda(float)#1}, std::array<char*, 2ul>)",385,6093504244739854,6093504245320411,0,0,16,0,128,256,1,1,4194304,1,1
"KERNEL_DISPATCH","Agent 1",1,0,899671,32,178,"void at::native::vectorized_elementwise_kernel<4, at::native::BinaryFunctor<float, float, float, at::native::binary_internal::MulFunctor<float> >, std::array<char*, 3ul> >(int, at::native::BinaryFunctor<float, float, float, at::native::binary_internal::MulFunctor<float> >, std::array<char*, 3ul>)",394,6093504245322912,6093504245899341,0,0,16,0,128,256,1,1,4194304,1,1
"KERNEL_DISPATCH","Agent 1",1,0,899671,33,520,"void at::native::vectorized_elementwise_kernel<4, at::native::CUDAFunctorOnSelf_add<float>, std::array<char*, 2ul> >(int, at::native::CUDAFunctorOnSelf_add<float>, std::array<char*, 2ul>)",403,6093504245901785,6093504246477813,0,0,16,0,128,256,1,1,4194304,1,1
"KERNEL_DISPATCH","Agent 1",1,0,899671,34,913,"void at::native::vectorized_elementwise_kernel<4, at::native::sqrt_kernel_cuda(at::TensorIteratorBase&)::{lambda()#2}::operator()() const::{lambda()#2}::operator()() const::{lambda(float)#1}, std::array<char*, 2ul> >(int, at::native::sqrt_kernel_cuda(at::TensorIteratorBase&)::{lambda()#2}::operator()() const::{lambda()#2}::operator()() const::{lambda(float)#1}, std::array<char*, 2ul>)",412,6093504246480624,6093504247057013,0,0,32,0,128,256,1,1,4194304,1,1
"KERNEL_DISPATCH","Agent 1",1,0,899671,35,520,"void at::native::vectorized_elementwise_kernel<4, at::native::CUDAFunctorOnSelf_add<float>, std::array<char*, 2ul> >(int, at::native::CUDAFunctorOnSelf_add<float>, std::array<char*, 2ul>)",421,6093504247059612,6093504247639126,0,0,16,0,128,256,1,1,4194304,1,1
"KERNEL_DISPATCH","Agent 1",1,0,899671,36,1171,"void at::native::vectorized_elementwise_kernel<4, at::native::(anonymous namespace)::launch_clamp_scalar(at::TensorIteratorBase&, c10::Scalar, c10::Scalar, at::native::detail::ClampLimits)::{lambda()#1}::operator()() const::{lambda()#7}::operator()() const::{lambda(float)#1}, std::array<char*, 2ul> >(int, at::native::(anonymous namespace)::launch_clamp_scalar(at::TensorIteratorBase&, c10::Scalar, c10::Scalar, at::native::detail::ClampLimits)::{lambda()#1}::operator()() const::{lambda()#7}::operator()() const::{lambda(float)#1}, std::array<char*, 2ul>)",431,6093504247642453,6093504248224452,0,0,16,0,128,256,1,1,4194304,1,1
"KERNEL_DISPATCH","Agent 1",1,0,899671,37,69,"void at::native::vectorized_elementwise_kernel<4, at::native::AUnaryFunctor<float, float, float, at::native::binary_internal::MulFunctor<float> >, std::array<char*, 2ul> >(int, at::native::AUnaryFunctor<float, float, float, at::native::binary_internal::MulFunctor<float> >, std::array<char*, 2ul>)",461,6093504256744859,6093504257328582,0,0,16,0,128,256,1,1,4194304,1,1
"KERNEL_DISPATCH","Agent 1",1,0,899671,38,234,"void at::native::vectorized_elementwise_kernel<4, at::native::sin_kernel_cuda(at::TensorIteratorBase&)::{lambda()#2}::operator()() const::{lambda()#2}::operator()() const::{lambda(float)#1}, std::array<char*, 2ul> >(int, at::native::sin_kernel_cuda(at::TensorIteratorBase&)::{lambda()#2}::operator()() const::{lambda()#2}::operator()() const::{lambda(float)#1}, std::array<char*, 2ul>)",470,6093504257332254,6093504257910406,0,0,32,0,128,256,1,1,4194304,1,1
"KERNEL_DISPATCH","Agent 1",1,0,899671,39,520,"void at::native::vectorized_elementwise_kernel<4, at::native::CUDAFunctorOnSelf_add<float>, std::array<char*, 2ul> >(int, at::native::CUDAFunctorOnSelf_add<float>, std::array<char*, 2ul>)",479,6093504257913572,6093504258497895,0,0,16,0,128,256,1,1,4194304,1,1
"KERNEL_DISPATCH","Agent 1",1,0,899671,40,624,"void at::native::vectorized_elementwise_kernel<4, at::native::tanh_kernel_cuda(at::TensorIteratorBase&)::{lambda()#2}::operator()() const::{lambda()#2}::operator()() const::{lambda(float)#1}, std::array<char*, 2ul> >(int, at::native::tanh_kernel_cuda(at::TensorIteratorBase&)::{lambda()#2}::operator()() const::{lambda()#2}::operator()() const::{lambda(float)#1}, std::array<char*, 2ul>)",488,6093504258501060,6093504259079934,0,0,16,0,128,256,1,1,4194304,1,1
"KERNEL_DISPATCH","Agent 1",1,0,899671,41,178,"void at::native::vectorized_elementwise_kernel<4, at::native::BinaryFunctor<float, float, float, at::native::binary_internal::MulFunctor<float> >, std::array<char*, 3ul> >(int, at::native::BinaryFunctor<float, float, float, at::native::binary_internal::MulFunctor<float> >, std::array<char*, 3ul>)",497,6093504259082301,6093504259661094,0,0,16,0,128,256,1,1,4194304,1,1
"KERNEL_DISPATCH","Agent 1",1,0,899671,42,520,"void at::native::vectorized_elementwise_kernel<4, at::native::CUDAFunctorOnSelf_add<float>, std::array<char*, 2ul> >(int, at::native::CUDAFunctorOnSelf_add<float>, std::array<char*, 2ul>)",506,6093504259663856,6093504260243611,0,0,16,0,128,256,1,1,4194304,1,1
"KERNEL_DISPATCH","Agent 1",1,0,899671,43,913,"void at::native::vectorized_elementwise_kernel<4, at::native::sqrt_kernel_cuda(at::TensorIteratorBase&)::{lambda()#2}::operator()() const::{lambda()#2}::operator()() const::{lambda(float)#1}, std::array<char*, 2ul> >(int, at::native::sqrt_kernel_cuda(at::TensorIteratorBase&)::{lambda()#2}::operator()() const::{lambda()#2}::operator()() const::{lambda(float)#1}, std::array<char*, 2ul>)",515,6093504260246777,6093504260826773,0,0,32,0,128,256,1,1,4194304,1,1
"KERNEL_DISPATCH","Agent 1",1,0,899671,44,520,"void at::native::vectorized_elementwise_kernel<4, at::native::CUDAFunctorOnSelf_add<float>, std::array<char*, 2ul> >(int, at::native::CUDAFunctorOnSelf_add<float>, std::array<char*, 2ul>)",524,6093504260829372,6093504261404438,0,0,16,0,128,256,1,1,4194304,1,1
"KERNEL_DISPATCH","Agent 1",1,0,899671,45,1171,"void at::native::vectorized_elementwise_kernel<4, at::native::(anonymous namespace)::launch_clamp_scalar(at::TensorIteratorBase&, c10::Scalar, c10::Scalar, at::native::detail::ClampLimits)::{lambda()#1}::operator()() const::{lambda()#7}::operator()() const::{lambda(float)#1}, std::array<char*, 2ul> >(int, at::native::(anonymous namespace)::launch_clamp_scalar(at::TensorIteratorBase&, c10::Scalar, c10::Scalar, at::native::detail::ClampLimits)::{lambda()#1}::operator()() const::{lambda()#7}::operator()() const::{lambda(float)#1}, std::array<char*, 2ul>)",534,6093504261407730,6093504261989328,0,0,16,0,128,256,1,1,4194304,1,1
"KERNEL_DISPATCH","Agent 1",1,0,899671,46,69,"void at::native::vectorized_elementwise_kernel<4, at::native::AUnaryFunctor<float, float, float, at::native::binary_internal::MulFunctor<float> >, std::array<char*, 2ul> >(int, at::native::AUnaryFunctor<float, float, float, at::native::binary_internal::MulFunctor<float> >, std::array<char*, 2ul>)",603,6093504270092064,6093504270676868,0,0,16,0,128,256,1,1,4194304,1,1
"KERNEL_DISPATCH","Agent 1",1,0,899671,47,234,"void at::native::vectorized_elementwise_kernel<4, at::native::sin_kernel_cuda(at::TensorIteratorBase&)::{lambda()#2}::operator()() const::{lambda()#2}::operator()() const::{lambda(float)#1}, std::array<char*, 2ul> >(int, at::native::sin_kernel_cuda(at::TensorIteratorBase&)::{lambda()#2}::operator()() const::{lambda()#2}::operator()() const::{lambda(float)#1}, std::array<char*, 2ul>)",612,6093504270680463,6093504271256852,0,0,32,0,128,256,1,1,4194304,1,1
"KERNEL_DISPATCH","Agent 1",1,0,899671,48,520,"void at::native::vectorized_elementwise_kernel<4, at::native::CUDAFunctorOnSelf_add<float>, std::array<char*, 2ul> >(int, at::native::CUDAFunctorOnSelf_add<float>, std::array<char*, 2ul>)",621,6093504271260098,6093504271840855,0,0,16,0,128,256,1,1,4194304,1,1
"KERNEL_DISPATCH","Agent 1",1,0,899671,49,624,"void at::native::vectorized_elementwise_kernel<4, at::native::tanh_kernel_cuda(at::TensorIteratorBase&)::{lambda()#2}::operator()() const::{lambda()#2}::operator()() const::{lambda(float)#1}, std::array<char*, 2ul> >(int, at::native::tanh_kernel_cuda(at::TensorIteratorBase&)::{lambda()#2}::operator()() const::{lambda()#2}::operator()() const::{lambda(float)#1}, std::array<char*, 2ul>)",630,6093504271844021,6093504272419728,0,0,16,0,128,256,1,1,4194304,1,1
"KERNEL_DISPATCH","Agent 1",1,0,899671,50,178,"void at::native::vectorized_elementwise_kernel<4, at::native::BinaryFunctor<float, float, float, at::native::binary_internal::MulFunctor<float> >, std::array<char*, 3ul> >(int, at::native::BinaryFunctor<float, float, float, at::native::binary_internal::MulFunctor<float> >, std::array<char*, 3ul>)",639,6093504272422453,6093504272999123,0,0,16,0,128,256,1,1,4194304,1,1
"KERNEL_DISPATCH","Agent 1",1,0,899671,51,520,"void at::native::vectorized_elementwise_kernel<4, at::native::CUDAFunctorOnSelf_add<float>, std::array<char*, 2ul> >(int, at::native::CUDAFunctorOnSelf_add<float>, std::array<char*, 2ul>)",648,6093504273001768,6093504273579078,0,0,16,0,128,256,1,1,4194304,1,1
"KERNEL_DISPATCH","Agent 1",1,0,899671,52,913,"void at::native::vectorized_elementwise_kernel<4, at::native::sqrt_kernel_cuda(at::TensorIteratorBase&)::{lambda()#2}::operator()() const::{lambda()#2}::operator()() const::{lambda(float)#1}, std::array<char*, 2ul> >(int, at::native::sqrt_kernel_cuda(at::TensorIteratorBase&)::{lambda()#2}::operator()() const::{lambda()#2}::operator()() const::{lambda(float)#1}, std::array<char*, 2ul>)",657,6093504273582284,6093504274161758,0,0,32,0,128,256,1,1,4194304,1,1
"KERNEL_DISPATCH","Agent 1",1,0,899671,53,520,"void at::native::vectorized_elementwise_kernel<4, at::native::CUDAFunctorOnSelf_add<float>, std::array<char*, 2ul> >(int, at::native::CUDAFunctorOnSelf_add<float>, std::array<char*, 2ul>)",666,6093504274164684,6093504274740712,0,0,16,0,128,256,1,1,4194304,1,1
"KERNEL_DISPATCH","Agent 1",1,0,899671,54,1171,"void at::native::vectorized_elementwise_kernel<4, at::native::(anonymous namespace)::launch_clamp_scalar(at::TensorIteratorBase&, c10::Scalar, c10::Scalar, at::native::detail::ClampLimits)::{lambda()#1}::operator()() const::{lambda()#7}::operator()() const::{lambda(float)#1}, std::array<char*, 2ul> >(int, at::native::(anonymous namespace)::launch_clamp_scalar(at::TensorIteratorBase&, c10::Scalar, c10::Scalar, at::native::detail::ClampLimits)::{lambda()#1}::operator()() const::{lambda()#7}::operator()() const::{lambda(float)#1}, std::array<char*, 2ul>)",676,6093504274743803,6093504275321594,0,0,16,0,128,256,1,1,4194304,1,1
"KERNEL_DISPATCH","Agent 1",1,0,899671,55,69,"void at::native::vectorized_elementwise_kernel<4, at::native::AUnaryFunctor<float, float, float, at::native::binary_internal::MulFunctor<float> >, std::array<char*, 2ul> >(int, at::native::AUnaryFunctor<float, float, float, at::native::binary_internal::MulFunctor<float> >, std::array<char*, 2ul>)",799,6093504285534550,6093504286118433,0,0,16,0,128,256,1,1,4194304,1,1
"KERNEL_DISPATCH","Agent 1",1,0,899671,56,234,"void at::native::vectorized_elementwise_kernel<4, at::native::sin_kernel_cuda(at::TensorIteratorBase&)::{lambda()#2}::operator()() const::{lambda()#2}::operator()() const::{lambda(float)#1}, std::array<char*, 2ul> >(int, at::native::sin_kernel_cuda(at::TensorIteratorBase&)::{lambda()#2}::operator()() const::{lambda()#2}::operator()() const::{lambda(float)#1}, std::array<char*, 2ul>)",808,6093504286121925,6093504286699516,0,0,32,0,128,256,1,1,4194304,1,1
"KERNEL_DISPATCH","Agent 1",1,0,899671,57,520,"void at::native::vectorized_elementwise_kernel<4, at::native::CUDAFunctorOnSelf_add<float>, std::array<char*, 2ul> >(int, at::native::CUDAFunctorOnSelf_add<float>, std::array<char*, 2ul>)",817,6093504286702481,6093504287287366,0,0,16,0,128,256,1,1,4194304,1,1
"KERNEL_DISPATCH","Agent 1",1,0,899671,58,624,"void at::native::vectorized_elementwise_kernel<4, at::native::tanh_kernel_cuda(at::TensorIteratorBase&)::{lambda()#2}::operator()() const::{lambda()#2}::operator()() const::{lambda(float)#1}, std::array<char*, 2ul> >(int, at::native::tanh_kernel_cuda(at::TensorIteratorBase&)::{lambda()#2}::operator()() const::{lambda()#2}::operator()() const::{lambda(float)#1}, std::array<char*, 2ul>)",826,6093504287290452,6093504287870727,0,0,16,0,128,256,1,1,4194304,1,1
"KERNEL_DISPATCH","Agent 1",1,0,899671,59,178,"void at::native::vectorized_elementwise_kernel<4, at::native::BinaryFunctor<float, float, float, at::native::binary_internal::MulFunctor<float> >, std::array<char*, 3ul> >(int, at::native::BinaryFunctor<float, float, float, at::native::binary_internal::MulFunctor<float> >, std::array<char*, 3ul>)",835,6093504287873132,6093504288456814,0,0,16,0,128,256,1,1,4194304,1,1
"KERNEL_DISPATCH","Agent 1",1,0,899671,60,520,"void at::native::vectorized_elementwise_kernel<4, at::native::CUDAFunctorOnSelf_add<float>, std::array<char*, 2ul> >(int, at::native::CUDAFunctorOnSelf_add<float>, std::array<char*, 2ul>)",844,6093504288459379,6093504289041017,0,0,16,0,128,256,1,1,4194304,1,1
"KERNEL_DISPATCH","Agent 1",1,0,899671,61,913,"void at::native::vectorized_elementwise_kernel<4, at::native::sqrt_kernel_cuda(at::TensorIteratorBase&)::{lambda()#2}::operator()() const::{lambda()#2}::operator()() const::{lambda(float)#1}, std::array<char*, 2ul> >(int, at::native::sqrt_kernel_cuda(at::TensorIteratorBase&)::{lambda()#2}::operator()() const::{lambda()#2}::operator()() const::{lambda(float)#1}, std::array<char*, 2ul>)",853,6093504289043860,6093504289620610,0,0,32,0,128,256,1,1,4194304,1,1
"KERNEL_DISPATCH","Agent 1",1,0,899671,62,520,"void at::native::vectorized_elementwise_kernel<4, at::native::CUDAFunctorOnSelf_add<float>, std::array<char*, 2ul> >(int, at::native::CUDAFunctorOnSelf_add<float>, std::array<char*, 2ul>)",862,6093504289623257,6093504290201289,0,0,16,0,128,256,1,1,4194304,1,1
"KERNEL_DISPATCH","Agent 1",1,0,899671,63,1171,"void at::native::vectorized_elementwise_kernel<4, at::native::(anonymous namespace)::launch_clamp_scalar(at::TensorIteratorBase&, c10::Scalar, c10::Scalar, at::native::detail::ClampLimits)::{lambda()#1}::operator()() const::{lambda()#7}::operator()() const::{lambda(float)#1}, std::array<char*, 2ul> >(int, at::native::(anonymous namespace)::launch_clamp_scalar(at::TensorIteratorBase&, c10::Scalar, c10::Scalar, at::native::detail::ClampLimits)::{lambda()#1}::operator()() const::{lambda()#7}::operator()() const::{lambda(float)#1}, std::array<char*, 2ul>)",872,6093504290204232,6093504290782625,0,0,16,0,128,256,1,1,4194304,1,1
"KERNEL_DISPATCH","Agent 1",1,0,899671,64,69,"void at::native::vectorized_elementwise_kernel<4, at::native::AUnaryFunctor<float, float, float, at::native::binary_internal::MulFunctor<float> >, std::array<char*, 2ul> >(int, at::native::AUnaryFunctor<float, float, float, at::native::binary_internal::MulFunctor<float> >, std::array<char*, 2ul>)",995,6093504306516871,6093504307106284,0,0,16,0,128,256,1,1,4194304,1,1
"KERNEL_DISPATCH","Agent 1",1,0,899671,65,234,"void at::native::vectorized_elementwise_kernel<4, at::native::sin_kernel_cuda(at::TensorIteratorBase&)::{lambda()#2}::operator()() const::{lambda()#2}::operator()() const::{lambda(float)#1}, std::array<char*, 2ul> >(int, at::native::sin_kernel_cuda(at::TensorIteratorBase&)::{lambda()#2}::operator()() const::{lambda()#2}::operator()() const::{lambda(float)#1}, std::array<char*, 2ul>)",1004,6093504307109690,6093504307685598,0,0,32,0,128,256,1,1,4194304,1,1
"KERNEL_DISPATCH","Agent 1",1,0,899671,66,520,"void at::native::vectorized_elementwise_kernel<4, at::native::CUDAFunctorOnSelf_add<float>, std::array<char*, 2ul> >(int, at::native::CUDAFunctorOnSelf_add<float>, std::array<char*, 2ul>)",1013,6093504307688604,6093504308268399,0,0,16,0,128,256,1,1,4194304,1,1
"KERNEL_DISPATCH","Agent 1",1,0,899671,67,624,"void at::native::vectorized_elementwise_kernel<4, at::native::tanh_kernel_cuda(at::TensorIteratorBase&)::{lambda()#2}::operator()() const::{lambda()#2}::operator()() const::{lambda(float)#1}, std::array<char*, 2ul> >(int, at::native::tanh_kernel_cuda(at::TensorIteratorBase&)::{lambda()#2}::operator()() const::{lambda()#2}::operator()() const::{lambda(float)#1}, std::array<char*, 2ul>)",1022,6093504308271404,6093504308849556,0,0,16,0,128,256,1,1,4194304,1,1
"KERNEL_DISPATCH","Agent 1",1,0,899671,68,178,"void at::native::vectorized_elementwise_kernel<4, at::native::BinaryFunctor<float, float, float, at::native::binary_internal::MulFunctor<float> >, std::array<char*, 3ul> >(int, at::native::BinaryFunctor<float, float, float, at::native::binary_internal::MulFunctor<float> >, std::array<char*, 3ul>)",1031,6093504308852041,6093504309434882,0,0,16,0,128,256,1,1,4194304,1,1
"KERNEL_DISPATCH","Agent 1",1,0,899671,69,520,"void at::native::vectorized_elementwise_kernel<4, at::native::CUDAFunctorOnSelf_add<float>, std::array<char*, 2ul> >(int, at::native::CUDAFunctorOnSelf_add<float>, std::array<char*, 2ul>)",1040,6093504309437366,6093504310016640,0,0,16,0,128,256,1,1,4194304,1,1
"KERNEL_DISPATCH","Agent 1",1,0,899671,70,913,"void at::native::vectorized_elementwise_kernel<4, at::native::sqrt_kernel_cuda(at::TensorIteratorBase&)::{lambda()#2}::operator()() const::{lambda()#2}::operator()() const::{lambda(float)#1}, std::array<char*, 2ul> >(int, at::native::sqrt_kernel_cuda(at::TensorIteratorBase&)::{lambda()#2}::operator()() const::{lambda()#2}::operator()() const::{lambda(float)#1}, std::array<char*, 2ul>)",1049,6093504310019726,6093504310597998,0,0,32,0,128,256,1,1,4194304,1,1
"KERNEL_DISPATCH","Agent 1",1,0,899671,71,520,"void at::native::vectorized_elementwise_kernel<4, at::native::CUDAFunctorOnSelf_add<float>, std::array<char*, 2ul> >(int, at::native::CUDAFunctorOnSelf_add<float>, std::array<char*, 2ul>)",1058,6093504310600748,6093504311175214,0,0,16,0,128,256,1,1,4194304,1,1
"KERNEL_DISPATCH","Agent 1",1,0,899671,72,1171,"void at::native::vectorized_elementwise_kernel<4, at::native::(anonymous namespace)::launch_clamp_scalar(at::TensorIteratorBase&, c10::Scalar, c10::Scalar, at::native::detail::ClampLimits)::{lambda()#1}::operator()() const::{lambda()#7}::operator()() const::{lambda(float)#1}, std::array<char*, 2ul> >(int, at::native::(anonymous namespace)::launch_clamp_scalar(at::TensorIteratorBase&, c10::Scalar, c10::Scalar, at::native::detail::ClampLimits)::{lambda()#1}::operator()() const::{lambda()#7}::operator()() const::{lambda(float)#1}, std::array<char*, 2ul>)",1068,6093504311178354,6093504311756627,0,0,16,0,128,256,1,1,4194304,1,1
"KERNEL_DISPATCH","Agent 1",1,0,899671,73,69,"void at::native::vectorized_elementwise_kernel<4, at::native::AUnaryFunctor<float, float, float, at::native::binary_internal::MulFunctor<float> >, std::array<char*, 2ul> >(int, at::native::AUnaryFunctor<float, float, float, at::native::binary_internal::MulFunctor<float> >, std::array<char*, 2ul>)",1191,6093504327539382,6093504328125509,0,0,16,0,128,256,1,1,4194304,1,1
"KERNEL_DISPATCH","Agent 1",1,0,899671,74,234,"void at::native::vectorized_elementwise_kernel<4, at::native::sin_kernel_cuda(at::TensorIteratorBase&)::{lambda()#2}::operator()() const::{lambda()#2}::operator()() const::{lambda(float)#1}, std::array<char*, 2ul> >(int, at::native::sin_kernel_cuda(at::TensorIteratorBase&)::{lambda()#2}::operator()() const::{lambda()#2}::operator()() const::{lambda(float)#1}, std::array<char*, 2ul>)",1200,6093504328128995,6093504328707749,0,0,32,0,128,256,1,1,4194304,1,1
"KERNEL_DISPATCH","Agent 1",1,0,899671,75,520,"void at::native::vectorized_elementwise_kernel<4, at::native::CUDAFunctorOnSelf_add<float>, std::array<char*, 2ul> >(int, at::native::CUDAFunctorOnSelf_add<float>, std::array<char*, 2ul>)",1209,6093504328710543,6093504329293224,0,0,16,0,128,256,1,1,4194304,1,1
"KERNEL_DISPATCH","Agent 1",1,0,899671,76,624,"void at::native::vectorized_elementwise_kernel<4, at::native::tanh_kernel_cuda(at::TensorIteratorBase&)::{lambda()#2}::operator()() const::{lambda()#2}::operator()() const::{lambda(float)#1}, std::array<char*, 2ul> >(int, at::native::tanh_kernel_cuda(at::TensorIteratorBase&)::{lambda()#2}::operator()() const::{lambda()#2}::operator()() const::{lambda(float)#1}, std::array<char*, 2ul>)",1218,6093504329296400,6093504329876957,0,0,16,0,128,256,1,1,4194304,1,1
"KERNEL_DISPATCH","Agent 1",1,0,899671,77,178,"void at::native::vectorized_elementwise_kernel<4, at::native::BinaryFunctor<float, float, float, at::native::binary_internal::MulFunctor<float> >, std::array<char*, 3ul> >(int, at::native::BinaryFunctor<float, float, float, at::native::binary_internal::MulFunctor<float> >, std::array<char*, 3ul>)",1227,6093504329879561,6093504330460559,0,0,16,0,128,256,1,1,4194304,1,1
"KERNEL_DISPATCH","Agent 1",1,0,899671,78,520,"void at::native::vectorized_elementwise_kernel<4, at::native::CUDAFunctorOnSelf_add<float>, std::array<char*, 2ul> >(int, at::native::CUDAFunctorOnSelf_add<float>, std::array<char*, 2ul>)",1236,6093504330463244,6093504331042798,0,0,16,0,128,256,1,1,4194304,1,1
"KERNEL_DISPATCH","Agent 1",1,0,899671,79,913,"void at::native::vectorized_elementwise_kernel<4, at::native::sqrt_kernel_cuda(at::TensorIteratorBase&)::{lambda()#2}::operator()() const::{lambda()#2}::operator()() const::{lambda(float)#1}, std::array<char*, 2ul> >(int, at::native::sqrt_kernel_cuda(at::TensorIteratorBase&)::{lambda()#2}::operator()() const::{lambda()#2}::operator()() const::{lambda(float)#1}, std::array<char*, 2ul>)",1245,6093504331045675,6093504331625751,0,0,32,0,128,256,1,1,4194304,1,1
"KERNEL_DISPATCH","Agent 1",1,0,899671,80,520,"void at::native::vectorized_elementwise_kernel<4, at::native::CUDAFunctorOnSelf_add<float>, std::array<char*, 2ul> >(int, at::native::CUDAFunctorOnSelf_add<float>, std::array<char*, 2ul>)",1254,6093504331628685,6093504332203310,0,0,16,0,128,256,1,1,4194304,1,1
"KERNEL_DISPATCH","Agent 1",1,0,899671,81,1171,"void at::native::vectorized_elementwise_kernel<4, at::native::(anonymous namespace)::launch_clamp_scalar(at::TensorIteratorBase&, c10::Scalar, c10::Scalar, at::native::detail::ClampLimits)::{lambda()#1}::operator()() const::{lambda()#7}::operator()() const::{lambda(float)#1}, std::array<char*, 2ul> >(int, at::native::(anonymous namespace)::launch_clamp_scalar(at::TensorIteratorBase&, c10::Scalar, c10::Scalar, at::native::detail::ClampLimits)::{lambda()#1}::operator()() const::{lambda()#7}::operator()() const::{lambda(float)#1}, std::array<char*, 2ul>)",1264,6093504332206448,6093504332784961,0,0,16,0,128,256,1,1,4194304,1,1
"KERNEL_DISPATCH","Agent 1",1,0,899671,82,69,"void at::native::vectorized_elementwise_kernel<4, at::native::AUnaryFunctor<float, float, float, at::native::binary_internal::MulFunctor<float> >, std::array<char*, 2ul> >(int, at::native::AUnaryFunctor<float, float, float, at::native::binary_internal::MulFunctor<float> >, std::array<char*, 2ul>)",1387,6093504350524272,6093504351112443,0,0,16,0,128,256,1,1,4194304,1,1
"KERNEL_DISPATCH","Agent 1",1,0,899671,83,234,"void at::native::vectorized_elementwise_kernel<4, at::native::sin_kernel_cuda(at::TensorIteratorBase&)::{lambda()#2}::operator()() const::{lambda()#2}::operator()() const::{lambda(float)#1}, std::array<char*, 2ul> >(int, at::native::sin_kernel_cuda(at::TensorIteratorBase&)::{lambda()#2}::operator()() const::{lambda()#2}::operator()() const::{lambda(float)#1}, std::array<char*, 2ul>)",1396,6093504351115769,6093504351697367,0,0,32,0,128,256,1,1,4194304,1,1
"KERNEL_DISPATCH","Agent 1",1,0,899671,84,520,"void at::native::vectorized_elementwise_kernel<4, at::native::CUDAFunctorOnSelf_add<float>, std::array<char*, 2ul> >(int, at::native::CUDAFunctorOnSelf_add<float>, std::array<char*, 2ul>)",1405,6093504351700453,6093504352280168,0,0,16,0,128,256,1,1,4194304,1,1
"KERNEL_DISPATCH","Agent 1",1,0,899671,85,624,"void at::native::vectorized_elementwise_kernel<4, at::native::tanh_kernel_cuda(at::TensorIteratorBase&)::{lambda()#2}::operator()() const::{lambda()#2}::operator()() const::{lambda(float)#1}, std::array<char*, 2ul> >(int, at::native::tanh_kernel_cuda(at::TensorIteratorBase&)::{lambda()#2}::operator()() const::{lambda()#2}::operator()() const::{lambda(float)#1}, std::array<char*, 2ul>)",1414,6093504352283111,6093504352861704,0,0,16,0,128,256,1,1,4194304,1,1
"KERNEL_DISPATCH","Agent 1",1,0,899671,86,178,"void at::native::vectorized_elementwise_kernel<4, at::native::BinaryFunctor<float, float, float, at::native::binary_internal::MulFunctor<float> >, std::array<char*, 3ul> >(int, at::native::BinaryFunctor<float, float, float, at::native::binary_internal::MulFunctor<float> >, std::array<char*, 3ul>)",1423,6093504352864251,6093504353441161,0,0,16,0,128,256,1,1,4194304,1,1
"KERNEL_DISPATCH","Agent 1",1,0,899671,87,520,"void at::native::vectorized_elementwise_kernel<4, at::native::CUDAFunctorOnSelf_add<float>, std::array<char*, 2ul> >(int, at::native::CUDAFunctorOnSelf_add<float>, std::array<char*, 2ul>)",1432,6093504353443313,6093504354023750,0,0,16,0,128,256,1,1,4194304,1,1
"KERNEL_DISPATCH","Agent 1",1,0,899671,88,913,"void at::native::vectorized_elementwise_kernel<4, at::native::sqrt_kernel_cuda(at::TensorIteratorBase&)::{lambda()#2}::operator()() const::{lambda()#2}::operator()() const::{lambda(float)#1}, std::array<char*, 2ul> >(int, at::native::sqrt_kernel_cuda(at::TensorIteratorBase&)::{lambda()#2}::operator()() const::{lambda()#2}::operator()() const::{lambda(float)#1}, std::array<char*, 2ul>)",1441,6093504354026927,6093504354603035,0,0,32,0,128,256,1,1,4194304,1,1
"KERNEL_DISPATCH","Agent 1",1,0,899671,89,520,"void at::native::vectorized_elementwise_kernel<4, at::native::CUDAFunctorOnSelf_add<float>, std::array<char*, 2ul> >(int, at::native::CUDAFunctorOnSelf_add<float>, std::array<char*, 2ul>)",1450,6093504354605560,6093504355181308,0,0,16,0,128,256,1,1,4194304,1,1
"KERNEL_DISPATCH","Agent 1",1,0,899671,90,1171,"void at::native::vectorized_elementwise_kernel<4, at::native::(anonymous namespace)::launch_clamp_scalar(at::TensorIteratorBase&, c10::Scalar, c10::Scalar, at::native::detail::ClampLimits)::{lambda()#1}::operator()() const::{lambda()#7}::operator()() const::{lambda(float)#1}, std::array<char*, 2ul> >(int, at::native::(anonymous namespace)::launch_clamp_scalar(at::TensorIteratorBase&, c10::Scalar, c10::Scalar, at::native::detail::ClampLimits)::{lambda()#1}::operator()() const::{lambda()#7}::operator()() const::{lambda(float)#1}, std::array<char*, 2ul>)",1460,6093504355184433,6093504355764910,0,0,16,0,128,256,1,1,4194304,1,1
"KERNEL_DISPATCH","Agent 1",1,0,899671,91,69,"void at::native::vectorized_elementwise_kernel<4, at::native::AUnaryFunctor<float, float, float, at::native::binary_internal::MulFunctor<float> >, std::array<char*, 2ul> >(int, at::native::AUnaryFunctor<float, float, float, at::native::binary_internal::MulFunctor<float> >, std::array<char*, 2ul>)",1583,6093504373618585,6093504374205954,0,0,16,0,128,256,1,1,4194304,1,1
"KERNEL_DISPATCH","Agent 1",1,0,899671,92,234,"void at::native::vectorized_elementwise_kernel<4, at::native::sin_kernel_cuda(at::TensorIteratorBase&)::{lambda()#2}::operator()() const::{lambda()#2}::operator()() const::{lambda(float)#1}, std::array<char*, 2ul> >(int, at::native::sin_kernel_cuda(at::TensorIteratorBase&)::{lambda()#2}::operator()() const::{lambda()#2}::operator()() const::{lambda(float)#1}, std::array<char*, 2ul>)",1592,6093504374209605,6093504374787998,0,0,32,0,128,256,1,1,4194304,1,1
"KERNEL_DISPATCH","Agent 1",1,0,899671,93,520,"void at::native::vectorized_elementwise_kernel<4, at::native::CUDAFunctorOnSelf_add<float>, std::array<char*, 2ul> >(int, at::native::CUDAFunctorOnSelf_add<float>, std::array<char*, 2ul>)",1601,6093504374791199,6093504375372878,0,0,16,0,128,256,1,1,4194304,1,1
"KERNEL_DISPATCH","Agent 1",1,0,899671,94,624,"void at::native::vectorized_elementwise_kernel<4, at::native::tanh_kernel_cuda(at::TensorIteratorBase&)::{lambda()#2}::operator()() const::{lambda()#2}::operator()() const::{lambda(float)#1}, std::array<char*, 2ul> >(int, at::native::tanh_kernel_cuda(at::TensorIteratorBase&)::{lambda()#2}::operator()() const::{lambda()#2}::operator()() const::{lambda(float)#1}, std::array<char*, 2ul>)",1610,6093504375376004,6093504375955799,0,0,16,0,128,256,1,1,4194304,1,1
"KERNEL_DISPATCH","Agent 1",1,0,899671,95,178,"void at::native::vectorized_elementwise_kernel<4, at::native::BinaryFunctor<float, float, float, at::native::binary_internal::MulFunctor<float> >, std::array<char*, 3ul> >(int, at::native::BinaryFunctor<float, float, float, at::native::binary_internal::MulFunctor<float> >, std::array<char*, 3ul>)",1619,6093504375958079,6093504376537914,0,0,16,0,128,256,1,1,4194304,1,1
"KERNEL_DISPATCH","Agent 1",1,0,899671,96,520,"void at::native::vectorized_elementwise_kernel<4, at::native::CUDAFunctorOnSelf_add<float>, std::array<char*, 2ul> >(int, at::native::CUDAFunctorOnSelf_add<float>, std::array<char*, 2ul>)",1628,6093504376540643,6093504377118996,0,0,16,0,128,256,1,1,4194304,1,1
"KERNEL_DISPATCH","Agent 1",1,0,899671,97,913,"void at::native::vectorized_elementwise_kernel<4, at::native::sqrt_kernel_cuda(at::TensorIteratorBase&)::{lambda()#2}::operator()() const::{lambda()#2}::operator()() const::{lambda(float)#1}, std::array<char*, 2ul> >(int, at::native::sqrt_kernel_cuda(at::TensorIteratorBase&)::{lambda()#2}::operator()() const::{lambda()#2}::operator()() const::{lambda(float)#1}, std::array<char*, 2ul>)",1637,6093504377122362,6093504377702317,0,0,32,0,128,256,1,1,4194304,1,1
"KERNEL_DISPATCH","Agent 1",1,0,899671,98,520,"void at::native::vectorized_elementwise_kernel<4, at::native::CUDAFunctorOnSelf_add<float>, std::array<char*, 2ul> >(int, at::native::CUDAFunctorOnSelf_add<float>, std::array<char*, 2ul>)",1646,6093504377704842,6093504378279989,0,0,16,0,128,256,1,1,4194304,1,1
"KERNEL_DISPATCH","Agent 1",1,0,899671,99,1171,"void at::native::vectorized_elementwise_kernel<4, at::native::(anonymous namespace)::launch_clamp_scalar(at::TensorIteratorBase&, c10::Scalar, c10::Scalar, at::native::detail::ClampLimits)::{lambda()#1}::operator()() const::{lambda()#7}::operator()() const::{lambda(float)#1}, std::array<char*, 2ul> >(int, at::native::(anonymous namespace)::launch_clamp_scalar(at::TensorIteratorBase&, c10::Scalar, c10::Scalar, at::native::detail::ClampLimits)::{lambda()#1}::operator()() const::{lambda()#7}::operator()() const::{lambda(float)#1}, std::array<char*, 2ul>)",1656,6093504378283114,6093504378863270,0,0,16,0,128,256,1,1,4194304,1,1
"KERNEL_DISPATCH","Agent 1",1,0,899671,100,69,"void at::native::vectorized_elementwise_kernel<4, at::native::AUnaryFunctor<float, float, float, at::native::binary_internal::MulFunctor<float> >, std::array<char*, 2ul> >(int, at::native::AUnaryFunctor<float, float, float, at::native::binary_internal::MulFunctor<float> >, std::array<char*, 2ul>)",1779,6093504394853894,6093504395442586,0,0,16,0,128,256,1,1,4194304,1,1
"KERNEL_DISPATCH","Agent 1",1,0,899671,101,234,"void at::native::vectorized_elementwise_kernel<4, at::native::sin_kernel_cuda(at::TensorIteratorBase&)::{lambda()#2}::operator()() const::{lambda()#2}::operator()() const::{lambda(float)#1}, std::array<char*, 2ul> >(int, at::native::sin_kernel_cuda(at::TensorIteratorBase&)::{lambda()#2}::operator()() const::{lambda()#2}::operator()() const::{lambda(float)#1}, std::array<char*, 2ul>)",1788,6093504395446072,6093504396026109,0,0,32,0,128,256,1,1,4194304,1,1
"KERNEL_DISPATCH","Agent 1",1,0,899671,102,520,"void at::native::vectorized_elementwise_kernel<4, at::native::CUDAFunctorOnSelf_add<float>, std::array<char*, 2ul> >(int, at::native::CUDAFunctorOnSelf_add<float>, std::array<char*, 2ul>)",1797,6093504396029194,6093504396608790,0,0,16,0,128,256,1,1,4194304,1,1
"KERNEL_DISPATCH","Agent 1",1,0,899671,103,624,"void at::native::vectorized_elementwise_kernel<4, at::native::tanh_kernel_cuda(at::TensorIteratorBase&)::{lambda()#2}::operator()() const::{lambda()#2}::operator()() const::{lambda(float)#1}, std::array<char*, 2ul> >(int, at::native::tanh_kernel_cuda(at::TensorIteratorBase&)::{lambda()#2}::operator()() const::{lambda()#2}::operator()() const::{lambda(float)#1}, std::array<char*, 2ul>)",1806,6093504396611875,6093504397189988,0,0,16,0,128,256,1,1,4194304,1,1
"KERNEL_DISPATCH","Agent 1",1,0,899671,104,178,"void at::native::vectorized_elementwise_kernel<4, at::native::BinaryFunctor<float, float, float, at::native::binary_internal::MulFunctor<float> >, std::array<char*, 3ul> >(int, at::native::BinaryFunctor<float, float, float, at::native::binary_internal::MulFunctor<float> >, std::array<char*, 3ul>)",1815,6093504397192312,6093504397769142,0,0,16,0,128,256,1,1,4194304,1,1
"KERNEL_DISPATCH","Agent 1",1,0,899671,105,520,"void at::native::vectorized_elementwise_kernel<4, at::native::CUDAFunctorOnSelf_add<float>, std::array<char*, 2ul> >(int, at::native::CUDAFunctorOnSelf_add<float>, std::array<char*, 2ul>)",1824,6093504397771787,6093504398350100,0,0,16,0,128,256,1,1,4194304,1,1
"KERNEL_DISPATCH","Agent 1",1,0,899671,106,913,"void at::native::vectorized_elementwise_kernel<4, at::native::sqrt_kernel_cuda(at::TensorIteratorBase&)::{lambda()#2}::operator()() const::{lambda()#2}::operator()() const::{lambda(float)#1}, std::array<char*, 2ul> >(int, at::native::sqrt_kernel_cuda(at::TensorIteratorBase&)::{lambda()#2}::operator()() const::{lambda()#2}::operator()() const::{lambda(float)#1}, std::array<char*, 2ul>)",1833,6093504398353186,6093504398929135,0,0,32,0,128,256,1,1,4194304,1,1
"KERNEL_DISPATCH","Agent 1",1,0,899671,107,520,"void at::native::vectorized_elementwise_kernel<4, at::native::CUDAFunctorOnSelf_add<float>, std::array<char*, 2ul> >(int, at::native::CUDAFunctorOnSelf_add<float>, std::array<char*, 2ul>)",1842,6093504398931699,6093504399515462,0,0,16,0,128,256,1,1,4194304,1,1
"KERNEL_DISPATCH","Agent 1",1,0,899671,108,1171,"void at::native::vectorized_elementwise_kernel<4, at::native::(anonymous namespace)::launch_clamp_scalar(at::TensorIteratorBase&, c10::Scalar, c10::Scalar, at::native::detail::ClampLimits)::{lambda()#1}::operator()() const::{lambda()#7}::operator()() const::{lambda(float)#1}, std::array<char*, 2ul> >(int, at::native::(anonymous namespace)::launch_clamp_scalar(at::TensorIteratorBase&, c10::Scalar, c10::Scalar, at::native::detail::ClampLimits)::{lambda()#1}::operator()() const::{lambda()#7}::operator()() const::{lambda(float)#1}, std::array<char*, 2ul>)",1852,6093504399518748,6093504400099786,0,0,16,0,128,256,1,1,4194304,1,1
"KERNEL_DISPATCH","Agent 1",1,0,899671,109,69,"void at::native::vectorized_elementwise_kernel<4, at::native::AUnaryFunctor<float, float, float, at::native::binary_internal::MulFunctor<float> >, std::array<char*, 2ul> >(int, at::native::AUnaryFunctor<float, float, float, at::native::binary_internal::MulFunctor<float> >, std::array<char*, 2ul>)",1975,6093504417106940,6093504417694670,0,0,16,0,128,256,1,1,4194304,1,1
"KERNEL_DISPATCH","Agent 1",1,0,899671,110,234,"void at::native::vectorized_elementwise_kernel<4, at::native::sin_kernel_cuda(at::TensorIteratorBase&)::{lambda()#2}::operator()() const::{lambda()#2}::operator()() const::{lambda(float)#1}, std::array<char*, 2ul> >(int, at::native::sin_kernel_cuda(at::TensorIteratorBase&)::{lambda()#2}::operator()() const::{lambda()#2}::operator()() const::{lambda(float)#1}, std::array<char*, 2ul>)",1984,6093504417698237,6093504418278393,0,0,32,0,128,256,1,1,4194304,1,1
"KERNEL_DISPATCH","Agent 1",1,0,899671,111,520,"void at::native::vectorized_elementwise_kernel<4, at::native::CUDAFunctorOnSelf_add<float>, std::array<char*, 2ul> >(int, at::native::CUDAFunctorOnSelf_add<float>, std::array<char*, 2ul>)",1993,6093504418281479,6093504418863880,0,0,16,0,128,256,1,1,4194304,1,1
"KERNEL_DISPATCH","Agent 1",1,0,899671,112,624,"void at::native::vectorized_elementwise_kernel<4, at::native::tanh_kernel_cuda(at::TensorIteratorBase&)::{lambda()#2}::operator()() const::{lambda()#2}::operator()() const::{lambda(float)#1}, std::array<char*, 2ul> >(int, at::native::tanh_kernel_cuda(at::TensorIteratorBase&)::{lambda()#2}::operator()() const::{lambda()#2}::operator()() const::{lambda(float)#1}, std::array<char*, 2ul>)",2002,6093504418866956,6093504419449757,0,0,16,0,128,256,1,1,4194304,1,1
"KERNEL_DISPATCH","Agent 1",1,0,899671,113,178,"void at::native::vectorized_elementwise_kernel<4, at::native::BinaryFunctor<float, float, float, at::native::binary_internal::MulFunctor<float> >, std::array<char*, 3ul> >(int, at::native::BinaryFunctor<float, float, float, at::native::binary_internal::MulFunctor<float> >, std::array<char*, 3ul>)",2011,6093504419452492,6093504420032688,0,0,16,0,128,256,1,1,4194304,1,1
"KERNEL_DISPATCH","Agent 1",1,0,899671,114,520,"void at::native::vectorized_elementwise_kernel<4, at::native::CUDAFunctorOnSelf_add<float>, std::array<char*, 2ul> >(int, at::native::CUDAFunctorOnSelf_add<float>, std::array<char*, 2ul>)",2020,6093504420034813,6093504420614568,0,0,16,0,128,256,1,1,4194304,1,1
"KERNEL_DISPATCH","Agent 1",1,0,899671,115,913,"void at::native::vectorized_elementwise_kernel<4, at::native::sqrt_kernel_cuda(at::TensorIteratorBase&)::{lambda()#2}::operator()() const::{lambda()#2}::operator()() const::{lambda(float)#1}, std::array<char*, 2ul> >(int, at::native::sqrt_kernel_cuda(at::TensorIteratorBase&)::{lambda()#2}::operator()() const::{lambda()#2}::operator()() const::{lambda(float)#1}, std::array<char*, 2ul>)",2029,6093504420617372,6093504421197609,0,0,32,0,128,256,1,1,4194304,1,1
"KERNEL_DISPATCH","Agent 1",1,0,899671,116,520,"void at::native::vectorized_elementwise_kernel<4, at::native::CUDAFunctorOnSelf_add<float>, std::array<char*, 2ul> >(int, at::native::CUDAFunctorOnSelf_add<float>, std::array<char*, 2ul>)",2038,6093504421200434,6093504421774980,0,0,16,0,128,256,1,1,4194304,1,1
"KERNEL_DISPATCH","Agent 1",1,0,899671,117,1171,"void at::native::vectorized_elementwise_kernel<4, at::native::(anonymous namespace)::launch_clamp_scalar(at::TensorIteratorBase&, c10::Scalar, c10::Scalar, at::native::detail::ClampLimits)::{lambda()#1}::operator()() const::{lambda()#7}::operator()() const::{lambda(float)#1}, std::array<char*, 2ul> >(int, at::native::(anonymous namespace)::launch_clamp_scalar(at::TensorIteratorBase&, c10::Scalar, c10::Scalar, at::native::detail::ClampLimits)::{lambda()#1}::operator()() const::{lambda()#7}::operator()() const::{lambda(float)#1}, std::array<char*, 2ul>)",2048,6093504421778516,6093504422359274,0,0,16,0,128,256,1,1,4194304,1,1
"KERNEL_DISPATCH","Agent 1",1,0,899671,118,69,"void at::native::vectorized_elementwise_kernel<4, at::native::AUnaryFunctor<float, float, float, at::native::binary_internal::MulFunctor<float> >, std::array<char*, 2ul> >(int, at::native::AUnaryFunctor<float, float, float, at::native::binary_internal::MulFunctor<float> >, std::array<char*, 2ul>)",2171,6093504438506076,6093504439092685,0,0,16,0,128,256,1,1,4194304,1,1
"KERNEL_DISPATCH","Agent 1",1,0,899671,119,234,"void at::native::vectorized_elementwise_kernel<4, at::native::sin_kernel_cuda(at::TensorIteratorBase&)::{lambda()#2}::operator()() const::{lambda()#2}::operator()() const::{lambda(float)#1}, std::array<char*, 2ul> >(int, at::native::sin_kernel_cuda(at::TensorIteratorBase&)::{lambda()#2}::operator()() const::{lambda()#2}::operator()() const::{lambda(float)#1}, std::array<char*, 2ul>)",2180,6093504439096197,6093504439672907,0,0,32,0,128,256,1,1,4194304,1,1
"KERNEL_DISPATCH","Agent 1",1,0,899671,120,520,"void at::native::vectorized_elementwise_kernel<4, at::native::CUDAFunctorOnSelf_add<float>, std::array<char*, 2ul> >(int, at::native::CUDAFunctorOnSelf_add<float>, std::array<char*, 2ul>)",2189,6093504439675416,6093504440257296,0,0,16,0,128,256,1,1,4194304,1,1
"KERNEL_DISPATCH","Agent 1",1,0,899671,121,624,"void at::native::vectorized_elementwise_kernel<4, at::native::tanh_kernel_cuda(at::TensorIteratorBase&)::{lambda()#2}::operator()() const::{lambda()#2}::operator()() const::{lambda(float)#1}, std::array<char*, 2ul> >(int, at::native::tanh_kernel_cuda(at::TensorIteratorBase&)::{lambda()#2}::operator()() const::{lambda()#2}::operator()() const::{lambda(float)#1}, std::array<char*, 2ul>)",2198,6093504440260798,6093504440837628,0,0,16,0,128,256,1,1,4194304,1,1
"KERNEL_DISPATCH","Agent 1",1,0,899671,122,178,"void at::native::vectorized_elementwise_kernel<4, at::native::BinaryFunctor<float, float, float, at::native::binary_internal::MulFunctor<float> >, std::array<char*, 3ul> >(int, at::native::BinaryFunctor<float, float, float, at::native::binary_internal::MulFunctor<float> >, std::array<char*, 3ul>)",2207,6093504440840127,6093504441422487,0,0,16,0,128,256,1,1,4194304,1,1
"KERNEL_DISPATCH","Agent 1",1,0,899671,123,520,"void at::native::vectorized_elementwise_kernel<4, at::native::CUDAFunctorOnSelf_add<float>, std::array<char*, 2ul> >(int, at::native::CUDAFunctorOnSelf_add<float>, std::array<char*, 2ul>)",2216,6093504441424892,6093504442005369,0,0,16,0,128,256,1,1,4194304,1,1
"KERNEL_DISPATCH","Agent 1",1,0,899671,124,913,"void at::native::vectorized_elementwise_kernel<4, at::native::sqrt_kernel_cuda(at::TensorIteratorBase&)::{lambda()#2}::operator()() const::{lambda()#2}::operator()() const::{lambda(float)#1}, std::array<char*, 2ul> >(int, at::native::sqrt_kernel_cuda(at::TensorIteratorBase&)::{lambda()#2}::operator()() const::{lambda()#2}::operator()() const::{lambda(float)#1}, std::array<char*, 2ul>)",2225,6093504442008680,6093504442587635,0,0,32,0,128,256,1,1,4194304,1,1
"KERNEL_DISPATCH","Agent 1",1,0,899671,125,520,"void at::native::vectorized_elementwise_kernel<4, at::native::CUDAFunctorOnSelf_add<float>, std::array<char*, 2ul> >(int, at::native::CUDAFunctorOnSelf_add<float>, std::array<char*, 2ul>)",2234,6093504442589482,6093504443164429,0,0,16,0,128,256,1,1,4194304,1,1
"KERNEL_DISPATCH","Agent 1",1,0,899671,126,1171,"void at::native::vectorized_elementwise_kernel<4, at::native::(anonymous namespace)::launch_clamp_scalar(at::TensorIteratorBase&, c10::Scalar, c10::Scalar, at::native::detail::ClampLimits)::{lambda()#1}::operator()() const::{lambda()#7}::operator()() const::{lambda(float)#1}, std::array<char*, 2ul> >(int, at::native::(anonymous namespace)::launch_clamp_scalar(at::TensorIteratorBase&, c10::Scalar, c10::Scalar, at::native::detail::ClampLimits)::{lambda()#1}::operator()() const::{lambda()#7}::operator()() const::{lambda(float)#1}, std::array<char*, 2ul>)",2244,6093504443167934,6093504443746368,0,0,16,0,128,256,1,1,4194304,1,1
"KERNEL_DISPATCH","Agent 1",1,0,899671,127,69,"void at::native::vectorized_elementwise_kernel<4, at::native::AUnaryFunctor<float, float, float, at::native::binary_internal::MulFunctor<float> >, std::array<char*, 2ul> >(int, at::native::AUnaryFunctor<float, float, float, at::native::binary_internal::MulFunctor<float> >, std::array<char*, 2ul>)",2367,6093504460517489,6093504461103777,0,0,16,0,128,256,1,1,4194304,1,1
"KERNEL_DISPATCH","Agent 1",1,0,899671,128,234,"void at::native::vectorized_elementwise_kernel<4, at::native::sin_kernel_cuda(at::TensorIteratorBase&)::{lambda()#2}::operator()() const::{lambda()#2}::operator()() const::{lambda(float)#1}, std::array<char*, 2ul> >(int, at::native::sin_kernel_cuda(at::TensorIteratorBase&)::{lambda()#2}::operator()() const::{lambda()#2}::operator()() const::{lambda(float)#1}, std::array<char*, 2ul>)",2376,6093504461107103,6093504461686097,0,0,32,0,128,256,1,1,4194304,1,1
"KERNEL_DISPATCH","Agent 1",1,0,899671,129,520,"void at::native::vectorized_elementwise_kernel<4, at::native::CUDAFunctorOnSelf_add<float>, std::array<char*, 2ul> >(int, at::native::CUDAFunctorOnSelf_add<float>, std::array<char*, 2ul>)",2385,6093504461688873,6093504462268267,0,0,16,0,128,256,1,1,4194304,1,1
"KERNEL_DISPATCH","Agent 1",1,0,899671,130,624,"void at::native::vectorized_elementwise_kernel<4, at::native::tanh_kernel_cuda(at::TensorIteratorBase&)::{lambda()#2}::operator()() const::{lambda()#2}::operator()() const::{lambda(float)#1}, std::array<char*, 2ul> >(int, at::native::tanh_kernel_cuda(at::TensorIteratorBase&)::{lambda()#2}::operator()() const::{lambda()#2}::operator()() const::{lambda(float)#1}, std::array<char*, 2ul>)",2394,6093504462271353,6093504462852511,0,0,16,0,128,256,1,1,4194304,1,1
"KERNEL_DISPATCH","Agent 1",1,0,899671,131,178,"void at::native::vectorized_elementwise_kernel<4, at::native::BinaryFunctor<float, float, float, at::native::binary_internal::MulFunctor<float> >, std::array<char*, 3ul> >(int, at::native::BinaryFunctor<float, float, float, at::native::binary_internal::MulFunctor<float> >, std::array<char*, 3ul>)",2403,6093504462855155,6093504463435071,0,0,16,0,128,256,1,1,4194304,1,1
"KERNEL_DISPATCH","Agent 1",1,0,899671,132,520,"void at::native::vectorized_elementwise_kernel<4, at::native::CUDAFunctorOnSelf_add<float>, std::array<char*, 2ul> >(int, at::native::CUDAFunctorOnSelf_add<float>, std::array<char*, 2ul>)",2412,6093504463437566,6093504464017001,0,0,16,0,128,256,1,1,4194304,1,1
"KERNEL_DISPATCH","Agent 1",1,0,899671,133,913,"void at::native::vectorized_elementwise_kernel<4, at::native::sqrt_kernel_cuda(at::TensorIteratorBase&)::{lambda()#2}::operator()() const::{lambda()#2}::operator()() const::{lambda(float)#1}, std::array<char*, 2ul> >(int, at::native::sqrt_kernel_cuda(at::TensorIteratorBase&)::{lambda()#2}::operator()() const::{lambda()#2}::operator()() const::{lambda(float)#1}, std::array<char*, 2ul>)",2421,6093504464020027,6093504464596897,0,0,32,0,128,256,1,1,4194304,1,1
"KERNEL_DISPATCH","Agent 1",1,0,899671,134,520,"void at::native::vectorized_elementwise_kernel<4, at::native::CUDAFunctorOnSelf_add<float>, std::array<char*, 2ul> >(int, at::native::CUDAFunctorOnSelf_add<float>, std::array<char*, 2ul>)",2430,6093504464599572,6093504465174438,0,0,16,0,128,256,1,1,4194304,1,1
"KERNEL_DISPATCH","Agent 1",1,0,899671,135,1171,"void at::native::vectorized_elementwise_kernel<4, at::native::(anonymous namespace)::launch_clamp_scalar(at::TensorIteratorBase&, c10::Scalar, c10::Scalar, at::native::detail::ClampLimits)::{lambda()#1}::operator()() const::{lambda()#7}::operator()() const::{lambda(float)#1}, std::array<char*, 2ul> >(int, at::native::(anonymous namespace)::launch_clamp_scalar(at::TensorIteratorBase&, c10::Scalar, c10::Scalar, at::native::detail::ClampLimits)::{lambda()#1}::operator()() const::{lambda()#7}::operator()() const::{lambda(float)#1}, std::array<char*, 2ul>)",2440,6093504465177583,6093504465756858,0,0,16,0,128,256,1,1,4194304,1,1
